Term,Chisq,Df,Pr(>Chisq)
Region,11.722327899581948,5,0.0387971193708107
STRATA,8.14513386371331,1,0.004317686784834634
SourceNursery,20.002364062937335,4,4.988628712780311e-4
