Term,Chisq,Df,Pr(>Chisq)
Species,20.383838793196585,2,3.747189410242932e-5
Region,6.423221320776197,5,0.2671870819985638
