"contrast","estimate","SE","df","z.ratio","p.value"
"M. cavernosa PRED_10.0241437444543035 - O. faveolata PRED_10.0241437444543035",0.70630854652411,0.239065117628281,Inf,2.95446091647021,0.008793983160435
"M. cavernosa PRED_10.0241437444543035 - P. clivosa PRED_10.0241437444543035",1.12518097207151,0.260663181204761,Inf,4.31660876258406,4.70889036778832e-05
"O. faveolata PRED_10.0241437444543035 - P. clivosa PRED_10.0241437444543035",0.418872425547398,0.175763869275981,Inf,2.38315432672737,0.0452123197995913
