contrast,Region_name,estimate,SE,df,z.ratio,p.value
Inshore - Offshore,Martin/Palm Beach,-0.9659045061608267,0.8021729783564764,Inf,-1.2041100014859762,0.22854706476355702
Inshore - Offshore,Broward-Miami,0.6106698684913734,0.7835169033050666,Inf,0.7793959082636481,0.4357465334077594
Inshore - Offshore,Biscayne,0.9587800517703768,0.7841708540493993,Inf,1.2226672884095457,0.2214553869303414
Inshore - Offshore,Upper Keys,2.9013704735599632,0.781969682587705,Inf,3.7103362677165532,2.0698412997605895e-4
Inshore - Offshore,Middle Keys,3.7407461768101,0.7966345578380032,Inf,4.695686547872288,2.657127415984874e-6
Inshore - Offshore,Lower Keys,3.873877933779396,0.7840265917456776,Inf,4.94100324474199,7.772161485313936e-7
