contrast,Region_name,estimate,SE,df,z.ratio,p.value
Inshore - Offshore,Martin/Palm Beach,0.1874978632158572,1.014004430820163,Inf,0.18490832733758594,0.8533009393535631
Inshore - Offshore,Broward-Miami,-0.8249944947396568,1.0140044308212615,Inf,-0.8136004830585188,0.41587386107614516
Inshore - Offshore,Biscayne,1.5125032186294283,1.014004430820357,Inf,1.4916140133685334,0.13580036239765306
Inshore - Offshore,Upper Keys,3.6125016323193244,1.014004430820183,Inf,3.5626093166055823,3.671869273729835e-4
Inshore - Offshore,Middle Keys,7.949997721125977,1.0140044308202032,Inf,7.840200180087399,4.498287439696587e-15
Inshore - Offshore,Lower Keys,2.8375020266515354,1.0140044308201863,Inf,2.798313242434648,0.005137026701055725
