Term,Chisq,Df,Pr(>Chisq)
Species,3.0974988868547038,2,0.21251356796107515
Region,136.32965000945106,5,1.0779987253165676e-27
STRATA,7.033040713198658,1,0.00800193696303441
