Term,Chisq,Df,Pr(>Chisq)
SourceNursery,8.36121472843307,2,0.015289218621835009
