Term,Chisq,Df,Pr(>Chisq)
SourceNursery,55.65384950161944,3,4.979790638602025e-12
