Term,Chisq,Df,Pr(>Chisq)
Region,5.37955922548124,5,0.37133342966058497
GenotypeName_Allyson,100.13695841493265,15,1.2289978308409434e-14
