Term,Chisq,Df,Pr(>Chisq)
PRED_1,5.837835415721097,1,0.015685111382592563
Species,16.33782684408235,2,2.833257047163068e-4
STRATA,6.086456019826238,1,0.013622205626645996
PRED_1:Species,6.989660425732994,2,0.030353901701091278
