Term,Chisq,Df,Pr(>Chisq)
(Intercept),18.889997547995364,1,1.3847684897176687e-5
Species,4.2582139627443665,2,0.11894346516892505
Region_Site,188.9999844739769,23,4.744668305550638e-28
