Region,Prevalence,Intensity,Index,Rank
3,0.9226347749501692,0.09833333333333333,0.09072575287009997,1
2,0.9690058479532164,0.08333333333333334,0.08075048732943471,2
4,0.82213608957795,0.08333333333333333,0.0685113407981625,3
5,0.8130732316778828,0.06333333333333334,0.051494638006265914,4
6,0.5794537967337222,0.043333333333333335,0.025109664525127962,5
1,0.08941798941798942,0.04166666666666667,0.0037257495590828933,6
