Term,Chisq,Df,Pr(>Chisq)
SourceNursery,4.9340226011129165,4,0.2941344290745641
