Term,Chisq,Df,Pr(>Chisq)
SourceNursery,13.340074919347861,3,0.0039560218023607895
STRATA,4.51498733646085,1,0.03359913484142869
