Term,Chisq,Df,Pr(>Chisq)
(Intercept),13.341981456744127,1,2.5952997595535927e-4
Species,9.127089722510659,2,0.010425038051756694
Region,3.8311951874959487,5,0.5739667764183112
Species:Region,9.110123731560343,10,0.5216853515631458
