Term,Chisq,Df,Pr(>Chisq)
(Intercept),0.0030388281823848177,1,0.9560384272617364
Species,0.0022044264107424186,2,0.9988983940084903
Region_Site,7.9894792568459065,23,0.9983890892116323
Species:Region_Site,16.899409509050617,46,0.9999737559541441
