Term,Chisq,Df,Pr(>Chisq)
(Intercept),67.20236721501992,1,2.4501974384427848e-16
Species,16.74671562914633,2,2.3093880070107131e-4
